alpha,seed,empirical_coverage,mean_set_size,singleton_fraction,n_test,n_calibration,threshold
0.1,42,0.8333333333333334,1.6333333333333333,0.36666666666666664,30,30,0.7024840594997186
0.05,42,1.0,1.9333333333333333,0.06666666666666667,30,30,0.7957439372807672
0.01,42,1.0,1.9333333333333333,0.06666666666666667,30,30,0.7957439372807672
0.1,43,0.9666666666666667,1.9,0.1,30,30,0.6332674742645765
0.05,43,1.0,1.9666666666666666,0.03333333333333333,30,30,0.6567555066287085
0.01,43,1.0,1.9666666666666666,0.03333333333333333,30,30,0.6567555066287085
0.1,44,0.9,1.7333333333333334,0.26666666666666666,30,30,0.6480457451473282
0.05,44,0.9666666666666667,1.9,0.1,30,30,0.6843352230531421
0.01,44,0.9666666666666667,1.9,0.1,30,30,0.6843352230531421
0.1,45,0.7666666666666667,1.5666666666666667,0.43333333333333335,30,30,0.6623475731846565
0.05,45,0.9666666666666667,1.9666666666666666,0.03333333333333333,30,30,0.7734104461247903
0.01,45,0.9666666666666667,1.9666666666666666,0.03333333333333333,30,30,0.7734104461247903
0.1,46,0.9666666666666667,1.8333333333333333,0.16666666666666666,30,30,0.6914730811367876
0.05,46,0.9666666666666667,1.8333333333333333,0.16666666666666666,30,30,0.7302036970989148
0.01,46,0.9666666666666667,1.8333333333333333,0.16666666666666666,30,30,0.7302036970989148
0.1,47,1.0,1.8666666666666667,0.13333333333333333,30,30,0.707493392959045
0.05,47,1.0,1.9,0.1,30,30,0.715086305558283
0.01,47,1.0,1.9,0.1,30,30,0.715086305558283
0.1,48,1.0,1.9333333333333333,0.06666666666666667,30,30,0.6103634303899016
0.05,48,1.0,2.0,0.0,30,30,0.6168691320093653
0.01,48,1.0,2.0,0.0,30,30,0.6168691320093653
0.1,49,0.9,1.8333333333333333,0.16666666666666666,30,30,0.739808369543002
0.05,49,0.9666666666666667,1.9666666666666666,0.03333333333333333,30,30,0.8136087357629054
0.01,49,0.9666666666666667,1.9666666666666666,0.03333333333333333,30,30,0.8136087357629054
0.1,50,0.9,1.6666666666666667,0.3333333333333333,30,30,0.6632981660472403
0.05,50,1.0,1.9666666666666666,0.03333333333333333,30,30,0.7482436840619675
0.01,50,1.0,1.9666666666666666,0.03333333333333333,30,30,0.7482436840619675
0.1,51,1.0,1.8333333333333333,0.16666666666666666,30,30,0.6206428885677061
0.05,51,1.0,1.9,0.1,30,30,0.6320992579404017
0.01,51,1.0,1.9,0.1,30,30,0.6320992579404017
0.1,52,0.9,1.5333333333333334,0.4666666666666667,30,30,0.5884563266886902
0.05,52,0.9666666666666667,1.8666666666666667,0.13333333333333333,30,30,0.6228161710378748
0.01,52,0.9666666666666667,1.8666666666666667,0.13333333333333333,30,30,0.6228161710378748
0.1,53,0.9,1.6333333333333333,0.36666666666666664,30,30,0.6449553681574945
0.05,53,0.9666666666666667,1.8333333333333333,0.16666666666666666,30,30,0.7049859764341591
0.01,53,0.9666666666666667,1.8333333333333333,0.16666666666666666,30,30,0.7049859764341591
0.1,54,0.8666666666666667,1.5,0.5,30,30,0.5500595132949554
0.05,54,1.0,1.9666666666666666,0.03333333333333333,30,30,0.6338563937050615
0.01,54,1.0,1.9666666666666666,0.03333333333333333,30,30,0.6338563937050615
0.1,55,1.0,1.9666666666666666,0.03333333333333333,30,30,0.7833213351925251
0.05,55,1.0,2.0,0.0,30,30,0.8039989064023335
0.01,55,1.0,2.0,0.0,30,30,0.8039989064023335
0.1,56,0.8333333333333334,1.6333333333333333,0.36666666666666664,30,30,0.6699236147565759
0.05,56,0.9,1.8333333333333333,0.16666666666666666,30,30,0.7258830125392102
0.01,56,0.9,1.8333333333333333,0.16666666666666666,30,30,0.7258830125392102
0.1,57,0.8666666666666667,1.7666666666666666,0.23333333333333334,30,30,0.6819563152864238
0.05,57,1.0,1.9333333333333333,0.06666666666666667,30,30,0.7611908878603485
0.01,57,1.0,1.9333333333333333,0.06666666666666667,30,30,0.7611908878603485
0.1,58,0.9333333333333333,1.8333333333333333,0.16666666666666666,30,30,0.725549756863684
0.05,58,1.0,1.9666666666666666,0.03333333333333333,30,30,0.7869521657617076
0.01,58,1.0,1.9666666666666666,0.03333333333333333,30,30,0.7869521657617076
0.1,59,0.9333333333333333,1.7666666666666666,0.23333333333333334,30,30,0.7104427324188536
0.05,59,1.0,1.9333333333333333,0.06666666666666667,30,30,0.7673090362759204
0.01,59,1.0,1.9333333333333333,0.06666666666666667,30,30,0.7673090362759204
0.1,60,0.9666666666666667,1.8333333333333333,0.16666666666666666,30,30,0.68117526178245
0.05,60,1.0,1.9333333333333333,0.06666666666666667,30,30,0.7644641867567626
0.01,60,1.0,1.9333333333333333,0.06666666666666667,30,30,0.7644641867567626
0.1,61,0.7666666666666667,1.4333333333333333,0.5666666666666667,30,30,0.5661317185369753
0.05,61,0.9666666666666667,1.9,0.1,30,30,0.609599885447909
0.01,61,0.9666666666666667,1.9,0.1,30,30,0.609599885447909
0.1,62,0.9666666666666667,1.6,0.4,30,30,0.6483549782161264
0.05,62,0.9666666666666667,1.6666666666666667,0.3333333333333333,30,30,0.6579641609847625
0.01,62,0.9666666666666667,1.6666666666666667,0.3333333333333333,30,30,0.6579641609847625
0.1,63,1.0,1.9,0.1,30,30,0.6885786380508121
0.05,63,1.0,1.9,0.1,30,30,0.6993853205607088
0.01,63,1.0,1.9,0.1,30,30,0.6993853205607088
0.1,64,0.9333333333333333,1.8,0.2,30,30,0.618683565537974
0.05,64,0.9333333333333333,1.8666666666666667,0.13333333333333333,30,30,0.6329535128723589
0.01,64,0.9333333333333333,1.8666666666666667,0.13333333333333333,30,30,0.6329535128723589
0.1,65,0.9666666666666667,1.8,0.2,30,30,0.643931566613851
0.05,65,1.0,1.9333333333333333,0.06666666666666667,30,30,0.6774577931470402
0.01,65,1.0,1.9333333333333333,0.06666666666666667,30,30,0.6774577931470402
0.1,66,0.8333333333333334,1.6666666666666667,0.3333333333333333,30,30,0.645587344569112
0.05,66,0.8666666666666667,1.7333333333333334,0.26666666666666666,30,30,0.6751605815235091
0.01,66,0.8666666666666667,1.7333333333333334,0.26666666666666666,30,30,0.6751605815235091
0.1,67,0.8666666666666667,1.8,0.2,30,30,0.6935623005796847
0.05,67,1.0,1.9666666666666666,0.03333333333333333,30,30,0.7276076164199881
0.01,67,1.0,1.9666666666666666,0.03333333333333333,30,30,0.7276076164199881
0.1,68,0.9666666666666667,1.8666666666666667,0.13333333333333333,30,30,0.6313862807173898
0.05,68,0.9666666666666667,1.8666666666666667,0.13333333333333333,30,30,0.6431481263168103
0.01,68,0.9666666666666667,1.8666666666666667,0.13333333333333333,30,30,0.6431481263168103
0.1,69,0.8666666666666667,1.5,0.5,30,30,0.584342941488604
0.05,69,0.9333333333333333,1.8333333333333333,0.16666666666666666,30,30,0.6486336153926471
0.01,69,0.9333333333333333,1.8333333333333333,0.16666666666666666,30,30,0.6486336153926471
0.1,70,0.9333333333333333,1.6333333333333333,0.36666666666666664,30,30,0.5516179225625466
0.05,70,1.0,2.0,0.0,30,30,0.6206057966361096
0.01,70,1.0,2.0,0.0,30,30,0.6206057966361096
0.1,71,0.9666666666666667,1.9,0.1,30,30,0.7055523758133292
0.05,71,1.0,2.0,0.0,30,30,0.7483613171739856
0.01,71,1.0,2.0,0.0,30,30,0.7483613171739856
0.1,72,0.8333333333333334,1.6666666666666667,0.3333333333333333,30,30,0.7075309884004297
0.05,72,1.0,2.0,0.0,30,30,0.7905100676423406
0.01,72,1.0,2.0,0.0,30,30,0.7905100676423406
0.1,73,0.7333333333333333,1.4333333333333333,0.5666666666666667,30,30,0.5382851750398182
0.05,73,0.8333333333333334,1.6666666666666667,0.3333333333333333,30,30,0.5782442856354801
0.01,73,0.8333333333333334,1.6666666666666667,0.3333333333333333,30,30,0.5782442856354801
0.1,74,0.8333333333333334,1.5,0.5,30,30,0.6263230819624961
0.05,74,1.0,1.9,0.1,30,30,0.728326798413843
0.01,74,1.0,1.9,0.1,30,30,0.728326798413843
0.1,75,0.9666666666666667,1.8666666666666667,0.13333333333333333,30,30,0.5313807726865057
0.05,75,1.0,2.0,0.0,30,30,0.5475808189207925
0.01,75,1.0,2.0,0.0,30,30,0.5475808189207925
0.1,76,1.0,1.9,0.1,30,30,0.6503873962862183
0.05,76,1.0,1.9,0.1,30,30,0.6685026359486074
0.01,76,1.0,1.9,0.1,30,30,0.6685026359486074
0.1,77,0.9666666666666667,1.8666666666666667,0.13333333333333333,30,30,0.7395669602680839
0.05,77,1.0,1.9666666666666666,0.03333333333333333,30,30,0.7820271319908946
0.01,77,1.0,1.9666666666666666,0.03333333333333333,30,30,0.7820271319908946
0.1,78,0.9,1.9,0.1,30,30,0.5295457813643111
0.05,78,0.9333333333333333,1.9333333333333333,0.06666666666666667,30,30,0.5305620274654939
0.01,78,0.9333333333333333,1.9333333333333333,0.06666666666666667,30,30,0.5305620274654939
0.1,79,0.8,1.5333333333333334,0.4666666666666667,30,30,0.5197366406012988
0.05,79,0.9666666666666667,1.9333333333333333,0.06666666666666667,30,30,0.5351786231088973
0.01,79,0.9666666666666667,1.9333333333333333,0.06666666666666667,30,30,0.5351786231088973
0.1,80,0.8333333333333334,1.5,0.5,30,30,0.581506929138904
0.05,80,1.0,1.8666666666666667,0.13333333333333333,30,30,0.6637907225658806
0.01,80,1.0,1.8666666666666667,0.13333333333333333,30,30,0.6637907225658806
0.1,81,0.8,1.5333333333333334,0.4666666666666667,30,30,0.6368037657761927
0.05,81,0.9666666666666667,1.8666666666666667,0.13333333333333333,30,30,0.6695360500718202
0.01,81,0.9666666666666667,1.8666666666666667,0.13333333333333333,30,30,0.6695360500718202
0.1,82,0.9666666666666667,1.7666666666666666,0.23333333333333334,30,30,0.6624269447250368
0.05,82,1.0,1.9,0.1,30,30,0.6775436612899881
0.01,82,1.0,1.9,0.1,30,30,0.6775436612899881
0.1,83,0.8333333333333334,1.5666666666666667,0.43333333333333335,30,30,0.6432882334525527
0.05,83,0.9333333333333333,1.8333333333333333,0.16666666666666666,30,30,0.7066916901991356
0.01,83,0.9333333333333333,1.8333333333333333,0.16666666666666666,30,30,0.7066916901991356
0.1,84,0.7666666666666667,1.5,0.5,30,30,0.5590140517675459
0.05,84,1.0,1.9666666666666666,0.03333333333333333,30,30,0.6685127821149545
0.01,84,1.0,1.9666666666666666,0.03333333333333333,30,30,0.6685127821149545
0.1,85,0.9666666666666667,1.8666666666666667,0.13333333333333333,30,30,0.7293009649097787
0.05,85,0.9666666666666667,1.8666666666666667,0.13333333333333333,30,30,0.7475319733787695
0.01,85,0.9666666666666667,1.8666666666666667,0.13333333333333333,30,30,0.7475319733787695
0.1,86,0.9333333333333333,1.7,0.3,30,30,0.554119682802462
0.05,86,0.9333333333333333,1.7,0.3,30,30,0.5574962298138672
0.01,86,0.9333333333333333,1.7,0.3,30,30,0.5574962298138672
0.1,87,0.8666666666666667,1.6666666666666667,0.3333333333333333,30,30,0.6063094391748552
0.05,87,0.9666666666666667,1.9333333333333333,0.06666666666666667,30,30,0.6725907091282097
0.01,87,0.9666666666666667,1.9333333333333333,0.06666666666666667,30,30,0.6725907091282097
0.1,88,0.6333333333333333,1.2333333333333334,0.7666666666666667,30,30,0.5318430784715896
0.05,88,1.0,1.8666666666666667,0.13333333333333333,30,30,0.5905655920921454
0.01,88,1.0,1.8666666666666667,0.13333333333333333,30,30,0.5905655920921454
0.1,89,0.7666666666666667,1.5,0.5,30,30,0.6552211846519614
0.05,89,0.9666666666666667,1.8666666666666667,0.13333333333333333,30,30,0.7348003112614403
0.01,89,0.9666666666666667,1.8666666666666667,0.13333333333333333,30,30,0.7348003112614403
0.1,90,0.7666666666666667,1.4666666666666666,0.5333333333333333,30,30,0.5354515361523767
0.05,90,0.9,1.8,0.2,30,30,0.5840745852686899
0.01,90,0.9,1.8,0.2,30,30,0.5840745852686899
0.1,91,0.9333333333333333,1.8666666666666667,0.13333333333333333,30,30,0.6993287985337346
0.05,91,1.0,1.9333333333333333,0.06666666666666667,30,30,0.7123129981818811
0.01,91,1.0,1.9333333333333333,0.06666666666666667,30,30,0.7123129981818811
