Model,Feature_Set,Accuracy_Mean,Accuracy_Std,CI_Lower,CI_Upper,Accuracy_Formatted
Logistic Regression,All Features,0.758,0.10398931569049671,0.5333333333333333,0.9333333333333333,0.758 ± 0.104
Logistic Regression,No MMSE,0.632,0.11449599701881866,0.4,0.8666666666666667,0.632 ± 0.114
Logistic Regression,MRI Only,0.5886666666666666,0.11197420337837738,0.4,0.8,0.589 ± 0.112
Logistic Regression,Demographics Only,0.6086666666666666,0.11987215411985108,0.3333333333333333,0.8349999999999995,0.609 ± 0.120
Random Forest,All Features,0.7513333333333335,0.10321713897302998,0.5333333333333333,0.9333333333333333,0.751 ± 0.103
Random Forest,No MMSE,0.6126666666666666,0.10982612520606277,0.4,0.8,0.613 ± 0.110
Random Forest,MRI Only,0.5693333333333332,0.10930894036831772,0.4,0.8,0.569 ± 0.109
Random Forest,Demographics Only,0.604,0.11188088904425694,0.365,0.8,0.604 ± 0.112
Gradient Boosting,All Features,0.7066666666666664,0.09475113602367931,0.5333333333333333,0.8666666666666667,0.707 ± 0.095
Gradient Boosting,No MMSE,0.5613333333333334,0.11359968701052342,0.3333333333333333,0.7333333333333333,0.561 ± 0.114
Gradient Boosting,MRI Only,0.5193333333333334,0.11403508232118743,0.3333333333333333,0.7333333333333333,0.519 ± 0.114
Gradient Boosting,Demographics Only,0.578,0.11197420337837738,0.365,0.8,0.578 ± 0.112
SVM,All Features,0.7106666666666664,0.10675829397912528,0.5333333333333333,0.9333333333333333,0.711 ± 0.107
SVM,No MMSE,0.6466666666666666,0.10392304845413264,0.4666666666666667,0.8666666666666667,0.647 ± 0.104
SVM,MRI Only,0.5386666666666666,0.11182526051339603,0.3333333333333333,0.8,0.539 ± 0.112
SVM,Demographics Only,0.6326666666666667,0.10645604204970653,0.4666666666666667,0.8666666666666667,0.633 ± 0.106
