model,feature_set,mmse_included,n_features,n_folds,mean_accuracy,std_accuracy,ci_lower_95_accuracy,ci_upper_95_accuracy,mean_auprc,std_auprc,ci_lower_95_auprc,ci_upper_95_auprc
Logistic Regression,All Features,True,8,100,0.758,0.10398931569049671,0.5333333333333333,0.9333333333333333,0.8794777885804672,0.0777955281508787,0.6969136332417583,1.0
Logistic Regression,No MMSE,False,7,100,0.632,0.11449599701881866,0.4,0.8666666666666667,0.7730718185584255,0.11217466188163978,0.5455978545264258,0.9558353365384614
Logistic Regression,MRI Only,False,3,100,0.5886666666666666,0.11197420337837738,0.4,0.8,0.6881170402018616,0.12302770446432099,0.47180765415140413,0.9202630876068375
Logistic Regression,Demographics Only,False,4,100,0.6086666666666666,0.11987215411985108,0.3333333333333333,0.8349999999999995,0.696030879338915,0.11582403518407558,0.4836782661782662,0.8897780257936506
Random Forest,All Features,True,8,100,0.7513333333333335,0.10321713897302998,0.5333333333333333,0.9333333333333333,0.876381993502529,0.07863874624868424,0.710706272893773,1.0
Random Forest,No MMSE,False,7,100,0.6126666666666666,0.10982612520606277,0.4,0.8,0.7242516337828837,0.11907248435879805,0.49368176961926963,0.92046981292517
Random Forest,MRI Only,False,3,100,0.5693333333333332,0.10930894036831772,0.4,0.8,0.6625087586025086,0.10973224217425247,0.4494181166056166,0.887652946012321
Random Forest,Demographics Only,False,4,100,0.604,0.11188088904425694,0.365,0.8,0.6706219787157288,0.11989286231225292,0.4842398053335554,0.920109126984127
Gradient Boosting,All Features,True,8,100,0.7066666666666664,0.09475113602367931,0.5333333333333333,0.8666666666666667,0.8451094025022597,0.09291539598461233,0.6592786826268968,0.9861111111111112
Gradient Boosting,No MMSE,False,7,100,0.5613333333333334,0.11359968701052342,0.3333333333333333,0.7333333333333333,0.668844305000555,0.11412207952325261,0.44952687937062935,0.8407812499999999
Gradient Boosting,MRI Only,False,3,100,0.5193333333333334,0.11403508232118743,0.3333333333333333,0.7333333333333333,0.6185804785492285,0.10186301482465754,0.4463266247641247,0.8219940476190476
Gradient Boosting,Demographics Only,False,4,100,0.578,0.11197420337837738,0.365,0.8,0.6725164171146315,0.11212770863847209,0.4466860508043544,0.8979182449494949
SVM,All Features,True,8,100,0.7106666666666664,0.10675829397912528,0.5333333333333333,0.9333333333333333,0.838298179003536,0.08556935842678301,0.6486004273504273,0.9706818181818181
SVM,No MMSE,False,7,100,0.6466666666666666,0.10392304845413264,0.4666666666666667,0.8666666666666667,0.7116822329456258,0.11382870162212569,0.49158312173937174,0.9052099116161615
SVM,MRI Only,False,3,100,0.5386666666666666,0.11182526051339603,0.3333333333333333,0.8,0.6310347673160173,0.13127224740317825,0.400483630952381,0.8715621357808857
SVM,Demographics Only,False,4,100,0.6326666666666667,0.10645604204970653,0.4666666666666667,0.8666666666666667,0.6881569635721422,0.12395940914347167,0.46418190316627816,0.8946774022108842
XGBoost,All Features,True,8,100,0.7226666666666667,0.10571239809554561,0.5333333333333333,0.9333333333333333,0.8532610791985792,0.09134445059662315,0.6630942495004994,0.9881249999999998
XGBoost,No MMSE,False,7,100,0.6006666666666667,0.10852342297095743,0.4,0.8,0.7096383229865372,0.11708346297231727,0.47505385487528345,0.9237738997113997
XGBoost,MRI Only,False,3,100,0.5646666666666667,0.1105360675174498,0.4,0.7683333333333328,0.6610091282725211,0.11779887459250842,0.46491491147741143,0.8820667353479854
XGBoost,Demographics Only,False,4,100,0.6306666666666668,0.11978499256770209,0.4,0.8,0.6647656886764028,0.1124889377930846,0.46869328835846696,0.8641985544217684
LightGBM,All Features,True,8,100,0.7166666666666666,0.10214368964029709,0.5333333333333333,0.8666666666666667,0.8421470196470194,0.08890884299978781,0.6657291666666667,0.9808333333333332
LightGBM,No MMSE,False,7,100,0.5706666666666667,0.11862920757085449,0.365,0.7683333333333328,0.6741007177346462,0.10897644873890364,0.46968654609279614,0.8566768871009942
LightGBM,MRI Only,False,3,100,0.5333333333333333,0.12507775359529144,0.26666666666666666,0.8,0.6205326726844586,0.11304385325739791,0.4318801857864358,0.8498116987179486
LightGBM,Demographics Only,False,4,100,0.572,0.10880359471185784,0.365,0.8,0.6595026476499691,0.11643818656167355,0.454107905982906,0.8723511904761905
CatBoost,All Features,True,8,100,0.7753333333333332,0.10817886423265254,0.5333333333333333,0.9333333333333333,0.8646592846637489,0.0843240895775128,0.6727720543345543,1.0
CatBoost,No MMSE,False,7,100,0.5980000000000001,0.11252851490474164,0.365,0.7333333333333333,0.7063752888976101,0.10389301264512804,0.4948318348318348,0.89078125
CatBoost,MRI Only,False,3,100,0.534,0.11372286001015312,0.3333333333333333,0.7333333333333333,0.6387320259105974,0.11054284279736815,0.452438551032301,0.8477225378787878
CatBoost,Demographics Only,False,4,100,0.6013333333333333,0.11114754958062627,0.4,0.8666666666666667,0.6679376575805145,0.1164635845115097,0.46863033048300906,0.8897891865079363
